{
  "formatVersion": 1,
  "database": {
    "version": 2,
    "identityHash": "1dcbdd37a373cba046e103d3e500e4e8",
    "entities": [
      {
        "tableName": "keys",
        "createSql": "CREATE TABLE IF NOT EXISTS `${TABLE_NAME}` (`uid` INTEGER PRIMARY KEY AUTOINCREMENT NOT NULL, `name` TEXT NOT NULL, `type` TEXT NOT NULL)",
        "fields": [
          {
            "fieldPath": "uid",
            "columnName": "uid",
            "affinity": "INTEGER",
            "notNull": true
          },
          {
            "fieldPath": "name",
            "columnName": "name",
            "affinity": "TEXT",
            "notNull": true
          },
          {
            "fieldPath": "fileType",
            "columnName": "type",
            "affinity": "TEXT",
            "notNull": true
          }
        ],
        "primaryKey": {
          "columnNames": [
            "uid"
          ],
          "autoGenerate": true
        },
        "indices": [
          {
            "name": "index_keys_name_type",
            "unique": true,
            "columnNames": [
              "name",
              "type"
            ],
            "orders": [],
            "createSql": "CREATE UNIQUE INDEX IF NOT EXISTS `index_keys_name_type` ON `${TABLE_NAME}` (`name`, `type`)"
          }
        ],
        "foreignKeys": []
      },
      {
        "tableName": "favorite_keys",
        "createSql": "CREATE TABLE IF NOT EXISTS `${TABLE_NAME}` (`uid` INTEGER PRIMARY KEY AUTOINCREMENT NOT NULL, `key_id` INTEGER NOT NULL, `order` INTEGER NOT NULL, FOREIGN KEY(`key_id`) REFERENCES `keys`(`uid`) ON UPDATE NO ACTION ON DELETE NO ACTION )",
        "fields": [
          {
            "fieldPath": "uid",
            "columnName": "uid",
            "affinity": "INTEGER",
            "notNull": true
          },
          {
            "fieldPath": "keyId",
            "columnName": "key_id",
            "affinity": "INTEGER",
            "notNull": true
          },
          {
            "fieldPath": "order",
            "columnName": "order",
            "affinity": "INTEGER",
            "notNull": true
          }
        ],
        "primaryKey": {
          "columnNames": [
            "uid"
          ],
          "autoGenerate": true
        },
        "indices": [
          {
            "name": "index_favorite_keys_key_id",
            "unique": false,
            "columnNames": [
              "key_id"
            ],
            "orders": [],
            "createSql": "CREATE INDEX IF NOT EXISTS `index_favorite_keys_key_id` ON `${TABLE_NAME}` (`key_id`)"
          }
        ],
        "foreignKeys": [
          {
            "table": "keys",
            "onDelete": "NO ACTION",
            "onUpdate": "NO ACTION",
            "columns": [
              "key_id"
            ],
            "referencedColumns": [
              "uid"
            ]
          }
        ]
      }
    ],
    "views": [],
    "setupQueries": [
      "CREATE TABLE IF NOT EXISTS room_master_table (id INTEGER PRIMARY KEY,identity_hash TEXT)",
      "INSERT OR REPLACE INTO room_master_table (id,identity_hash) VALUES(42, '1dcbdd37a373cba046e103d3e500e4e8')"
    ]
  }
}