{
  "formatVersion": 1,
  "database": {
    "version": 7,
    "identityHash": "7a35d8503e34777c0a7b08b441761581",
    "entities": [
      {
        "tableName": "keys",
        "createSql": "CREATE TABLE IF NOT EXISTS `${TABLE_NAME}` (`uid` INTEGER PRIMARY KEY AUTOINCREMENT NOT NULL, `path` TEXT NOT NULL, `type` TEXT, `content` TEXT NOT NULL, `deleted` INTEGER NOT NULL, `notes` TEXT, `synchronized_status` TEXT NOT NULL)",
        "fields": [
          {
            "fieldPath": "uid",
            "columnName": "uid",
            "affinity": "INTEGER",
            "notNull": true
          },
          {
            "fieldPath": "path",
            "columnName": "path",
            "affinity": "TEXT",
            "notNull": true
          },
          {
            "fieldPath": "type",
            "columnName": "type",
            "affinity": "TEXT",
            "notNull": false
          },
          {
            "fieldPath": "content",
            "columnName": "content",
            "affinity": "TEXT",
            "notNull": true
          },
          {
            "fieldPath": "deleted",
            "columnName": "deleted",
            "affinity": "INTEGER",
            "notNull": true
          },
          {
            "fieldPath": "notes",
            "columnName": "notes",
            "affinity": "TEXT",
            "notNull": false
          },
          {
            "fieldPath": "synchronizedStatus",
            "columnName": "synchronized_status",
            "affinity": "TEXT",
            "notNull": true
          }
        ],
        "primaryKey": {
          "columnNames": [
            "uid"
          ],
          "autoGenerate": true
        },
        "indices": [
          {
            "name": "index_keys_path_deleted",
            "unique": true,
            "columnNames": [
              "path",
              "deleted"
            ],
            "orders": [],
            "createSql": "CREATE UNIQUE INDEX IF NOT EXISTS `index_keys_path_deleted` ON `${TABLE_NAME}` (`path`, `deleted`)"
          },
          {
            "name": "index_keys_type",
            "unique": false,
            "columnNames": [
              "type"
            ],
            "orders": [],
            "createSql": "CREATE INDEX IF NOT EXISTS `index_keys_type` ON `${TABLE_NAME}` (`type`)"
          }
        ],
        "foreignKeys": []
      },
      {
        "tableName": "favorite_keys",
        "createSql": "CREATE TABLE IF NOT EXISTS `${TABLE_NAME}` (`uid` INTEGER PRIMARY KEY AUTOINCREMENT NOT NULL, `key_id` INTEGER NOT NULL, `order` INTEGER NOT NULL, FOREIGN KEY(`key_id`) REFERENCES `keys`(`uid`) ON UPDATE NO ACTION ON DELETE NO ACTION )",
        "fields": [
          {
            "fieldPath": "uid",
            "columnName": "uid",
            "affinity": "INTEGER",
            "notNull": true
          },
          {
            "fieldPath": "keyId",
            "columnName": "key_id",
            "affinity": "INTEGER",
            "notNull": true
          },
          {
            "fieldPath": "order",
            "columnName": "order",
            "affinity": "INTEGER",
            "notNull": true
          }
        ],
        "primaryKey": {
          "columnNames": [
            "uid"
          ],
          "autoGenerate": true
        },
        "indices": [
          {
            "name": "index_favorite_keys_key_id",
            "unique": true,
            "columnNames": [
              "key_id"
            ],
            "orders": [],
            "createSql": "CREATE UNIQUE INDEX IF NOT EXISTS `index_favorite_keys_key_id` ON `${TABLE_NAME}` (`key_id`)"
          }
        ],
        "foreignKeys": [
          {
            "table": "keys",
            "onDelete": "NO ACTION",
            "onUpdate": "NO ACTION",
            "columns": [
              "key_id"
            ],
            "referencedColumns": [
              "uid"
            ]
          }
        ]
      }
    ],
    "views": [],
    "setupQueries": [
      "CREATE TABLE IF NOT EXISTS room_master_table (id INTEGER PRIMARY KEY,identity_hash TEXT)",
      "INSERT OR REPLACE INTO room_master_table (id,identity_hash) VALUES(42, '7a35d8503e34777c0a7b08b441761581')"
    ]
  }
}